Dataset,Model,Attack,K-Ratio,Dynamic,Iteration,Accuracy,ASR,L0,Sparsity,L2,Linf,SSIM,PSNR,LPIPS,Time(s),NumSamples
cifar10,Standard,Clean,0.0,False,0,0.9479999947547912,0.0,0.0,1.0,0.0,0.0,1.0,inf,0.0,0.0,1000
cifar10,Standard,FGSM,0.0,False,1,0.3049999988079071,0.6793248664100462,1020.8990029296875,0.0030283174514770506,1.7240465965270997,0.03137257695198059,0.9379879274368286,30.141071090698244,0.003281063275411725,0.6653635501861572,1000
cifar10,Standard,PGD,0.0,False,1,0.3029999985694885,0.6803797345121199,1023.089005859375,0.0008896427154541015,1.0423979654312134,0.03137257695198059,0.9742633609771728,34.51113653564453,0.0007947144485078752,12.856448888778687,1000
cifar10,Standard,PGD,0.0,False,3,0.02399999998509884,0.9746835052589827,1022.850998046875,0.0011220722198486328,1.1132769775390625,0.03137257695198059,0.9715980105400085,33.9394892578125,0.000980871798004955,12.856448888778687,1000
cifar10,Standard,PGD,0.0,False,5,0.002,0.9978902382689689,1022.728,0.0012421875,1.1687763776779174,0.03137257695198059,0.9695626230239868,33.51569689941406,0.0011605391753837465,12.856448888778687,1000
cifar10,Standard,PGD,0.0,False,7,0.0,0.9999999403953552,1022.6009985351562,0.0013662123680114747,1.2083224534988404,0.03137257695198059,0.9680692801475524,33.225630096435545,0.0013097537830471992,12.856448888778687,1000
cifar10,Standard,PGD,0.0,False,10,0.0,0.9999999403953552,1022.5659970703125,0.0014003934860229493,1.247556481361389,0.03137257695198059,0.966546567440033,32.94712860107422,0.0014834834253415466,12.856448888778687,1000
cifar10,Standard,SparseFool,0.0,False,20,0.5750000028610229,0.3934599013393941,11.873000030517579,0.9884052734076977,1.7616317071914673,0.7503019189834594,0.9614607005119323,29.12050782775879,0.007402259513735771,241.7754135131836,1000
cifar10,Standard,Sparse-PGD,0.1,False,10,0.04899999952316284,0.9483121964876159,347.0269985351562,0.6611064467430114,0.6862905173301697,0.03137257695198059,0.9912906484603882,38.044168273925784,0.00035156713682226836,13.920386791229248,1000
cifar10,Standard,GreedyFool,0.1,False,10,0.047999999850988385,0.9493670402574137,365.4599985351563,0.6431054701805115,0.5387446222305298,0.031372570365667346,0.9912588005065918,40.201838684082034,0.0003582340732682496,13.27897834777832,1000
cifar10,Standard,Sparse-PGD,0.2,False,10,0.01299999999627471,0.9862868733043912,511.0529995117187,0.5009248051643371,0.7920889101028442,0.03137257695198059,0.9871431121826172,36.880815673828124,0.0005225091129541397,13.976855039596558,1000
cifar10,Standard,GreedyFool,0.2,False,10,0.00999999999627471,0.9894514316496467,587.2199951171875,0.42654297351837156,0.7282883815765381,0.03137257695198059,0.9853006634712219,37.59689263916015,0.0006417912575416267,13.379786729812622,1000
cifar10,Standard,Sparse-PGD,0.3,False,10,0.0029999999962747096,0.9968353887147541,710.419,0.3062314453125,0.9496876993179322,0.03137257695198059,0.9811997408866883,35.30983221435547,0.0007754777814261615,14.144721508026123,1000
cifar10,Standard,GreedyFool,0.3,False,10,0.002,0.997890246065357,727.1769965820313,0.28986621427536013,0.8540808830261231,0.03137257695198059,0.9808593854904175,36.21886865234375,0.0008807449806481599,13.550447463989258,1000
cifar10,Standard,Sparse-PGD,0.4,False,10,0.0,0.9999999403953552,799.0360053710938,0.21969140100479126,1.034373872756958,0.03137257695198059,0.9779343709945679,34.57094857788086,0.0009272758006118238,14.2745943069458,1000
cifar10,Standard,GreedyFool,0.4,False,10,0.001,0.9989450932303562,817.8649965820313,0.20130371427536012,0.945921175479889,0.03137257695198059,0.9776670503616333,35.33520550537109,0.0010845208438113331,13.638276815414429,1000
cifar10,Standard,Sparse-PGD,0.5,False,10,0.0,0.9999999403953552,908.4079975585937,0.11288281488418579,1.1089829502105712,0.03137257695198059,0.9739373631477356,33.9704224243164,0.0011331029035896063,14.331422090530396,1000
cifar10,Standard,GreedyFool,0.5,False,10,0.0,0.9999999403953552,882.1290053710937,0.13854589319229127,1.0176664562225342,0.03137257695198059,0.9751263923645019,34.703748046875,0.0012211913047358394,13.645273208618164,1000
cifar10,Standard,Sparse-PGD,0.6,False,10,0.0,0.9999999403953552,958.5439985351562,0.06392187643051148,1.1766929607391357,0.03137257695198059,0.9705958566665649,33.45409356689453,0.001281859847716987,14.279527425765991,1000
cifar10,Standard,GreedyFool,0.6,False,10,0.0,0.9999999403953552,926.337,0.0953740234375,1.0746816244125366,0.03137257695198059,0.973239305973053,34.231974700927736,0.0012974568950012326,13.583412647247314,1000
cifar10,Standard,Sparse-PGD,0.7,False,10,0.0,0.9999999403953552,1002.3739946289063,0.02111914587020874,1.2155137758255006,0.03137257695198059,0.9684738426208496,33.17288513183594,0.001402733818627894,14.22733449935913,1000
cifar10,Standard,GreedyFool,0.7,False,10,0.0,0.9999999403953552,958.6740048828125,0.06379491710662842,1.1206858711242675,0.03137257695198059,0.971703863620758,33.86971090698242,0.0013794892756268382,13.494297742843628,1000
cifar10,Standard,Sparse-PGD,0.8,False,10,0.0,0.9999999403953552,1013.8899936523437,0.009873053073883057,1.2258758544921875,0.03137257695198059,0.9679356064796448,33.09746426391602,0.0014273854531347751,14.21079969406128,1000
cifar10,Standard,GreedyFool,0.8,False,10,0.0,0.9999999403953552,980.6249956054687,0.042358402729034426,1.15801442527771,0.03137257695198059,0.9705334506034851,33.586694000244144,0.001432445733807981,13.507799625396729,1000
cifar10,Standard,Sparse-PGD,0.9,False,10,0.0,0.9999999403953552,1021.1149985351562,0.0028173842430114747,1.2466437692642212,0.03137257695198059,0.9665967545509339,32.95364920043945,0.001457629439420998,14.198422193527222,1000
cifar10,Standard,GreedyFool,0.9,False,10,0.0,0.9999999403953552,994.5790004882813,0.028731444835662843,1.1867345476150513,0.03137257695198059,0.9697590689659119,33.375100463867184,0.0014498314308002591,13.50350284576416,1000
cifar10,Standard,Sparse-PGD,1.0,False,10,0.0,0.9999999403953552,1022.556,0.00141015625,1.2468845806121827,0.03137257695198059,0.9665486736297607,32.95209301757812,0.0014657305749133228,13.435125827789307,1000
cifar10,Standard,GreedyFool,1.0,False,10,0.0,0.9999999403953552,997.3449921875,0.02603028106689453,1.2091502904891969,0.03137257695198059,0.9691952986717224,33.213801452636716,0.0014776849374175073,13.520097970962524,1000
cifar10,Standard,Proposed-TopkPGD,0.1,True,1,0.7599999942779541,0.19831222878918367,101.78799938964843,0.9005976568460464,0.13682080936431884,0.007843159139156342,0.9992566967010498,52.150528381347655,1.8717649771133438e-05,14.416417121887207,1000
cifar10,Standard,Proposed-TopkPGD,0.1,True,3,0.4199999976158142,0.5569620009841798,126.0240004272461,0.8769296870827675,0.25737987565994264,0.023498049691319467,0.9979013867378235,46.61897802734375,7.47092607198283e-05,14.416417121887207,1000
cifar10,Standard,Proposed-TopkPGD,0.1,True,5,0.2570000001192093,0.7289029122153415,129.49299877929687,0.8735419933795929,0.3380325300693512,0.03134903299808502,0.9966242733001709,44.23032650756836,0.00013428874395322055,14.416417121887207,1000
cifar10,Standard,Proposed-TopkPGD,0.1,True,7,0.19199999833106995,0.7974683238106941,126.4939990234375,0.8764707040786743,0.3793067603111267,0.03137256863713264,0.9957936697006226,43.23696536254883,0.0001731148362159729,14.416417121887207,1000
cifar10,Standard,Proposed-TopkPGD,0.1,True,10,0.15500000083446502,0.8364978557774789,120.52699963378906,0.8822978519201279,0.40584610295295714,0.031372570365667346,0.9951665201187134,42.6617265625,0.00020693475799635054,14.416417121887207,1000
cifar10,Standard,Proposed-TopkPGD,0.2,True,1,0.6549999928474426,0.30907171207012507,203.58099877929686,0.8011904308795929,0.1934930304288864,0.007843166589736938,0.9986258001327515,49.140341003417966,3.670291989692487e-05,14.410837411880493,1000
cifar10,Standard,Proposed-TopkPGD,0.2,True,3,0.21500000035762787,0.7732067118214152,245.5469991455078,0.760208008646965,0.3628370478153229,0.02352942942082882,0.9960332627296448,43.65007186889648,0.00014637955313082785,14.410837411880493,1000
cifar10,Standard,Proposed-TopkPGD,0.2,True,5,0.08999999982118606,0.905063251591433,258.4179963378906,0.7476386754512787,0.47934135723114013,0.03137256768345833,0.9935243425369262,41.2178203125,0.00026131512830033897,14.410837411880493,1000
cifar10,Standard,Proposed-TopkPGD,0.2,True,7,0.04599999985098839,0.951476743641282,256.2550008544922,0.749750975728035,0.5431721172332764,0.031372570365667346,0.9918372845649719,40.13686859130859,0.00034556094650179146,14.410837411880493,1000
cifar10,Standard,Proposed-TopkPGD,0.2,True,10,0.02899999986588955,0.9694092370538269,242.2780009765625,0.7634003896713257,0.5901021885871888,0.03137257695198059,0.9904119286537171,39.42761224365234,0.0004230023236013949,14.410837411880493,1000
cifar10,Standard,Proposed-TopkPGD,0.3,True,1,0.5919999933242798,0.37552740336847706,306.3700017089844,0.70081054520607,0.2373664082288742,0.007843166589736938,0.9980456290245057,47.36532159423828,5.322800841531716e-05,14.411003589630127,1000
cifar10,Standard,Proposed-TopkPGD,0.3,True,3,0.1400000010728836,0.8523206343630698,356.233001953125,0.6521162090301513,0.44638474369049075,0.02352943266928196,0.994237380027771,41.85550674438477,0.0002159340565558523,14.411003589630127,1000
cifar10,Standard,Proposed-TopkPGD,0.3,True,5,0.03899999997019768,0.9588607184997591,382.92400048828125,0.6260507807731629,0.5884375667572022,0.031372570365667346,0.9905953507423401,39.44480419921875,0.0003927635189611465,14.411003589630127,1000
cifar10,Standard,Proposed-TopkPGD,0.3,True,7,0.01799999998509884,0.9810126196860262,380.93099682617185,0.6279970734119416,0.6668075537681579,0.03137257695198059,0.9881726598739624,38.36234844970703,0.000519470423925668,14.411003589630127,1000
cifar10,Standard,Proposed-TopkPGD,0.3,True,10,0.00999999999627471,0.9894514349190998,363.78899633789064,0.6447373082637787,0.7272795405387878,0.03137257695198059,0.9860590119361877,37.61571917724609,0.0006379964025691151,14.411003589630127,1000
cifar10,Standard,Proposed-TopkPGD,0.4,True,1,0.5399999985694885,0.43037973382050476,408.1509968261719,0.6014150421619415,0.2739725749492645,0.007843166589736938,0.9975133991241455,46.119569091796876,6.876807863591239e-05,14.33777141571045,1000
cifar10,Standard,Proposed-TopkPGD,0.4,True,3,0.09699999970197677,0.897679299367631,463.90599829101564,0.54696679854393,0.518624059677124,0.023529436007142066,0.992496949672699,40.555790771484375,0.00028268811805173756,14.33777141571045,1000
cifar10,Standard,Proposed-TopkPGD,0.4,True,5,0.022000000089406967,0.9767932169422319,496.38599609375,0.5152480506896973,0.6811615796089172,0.03137257227301598,0.9878453621864319,38.178847045898436,0.0005171459298580885,14.33777141571045,1000
cifar10,Standard,Proposed-TopkPGD,0.4,True,7,0.00799999999627471,0.991561129877839,501.58000244140624,0.5101757788658142,0.7687262115478516,0.03137257695198059,0.984845112323761,37.13114123535156,0.0006788162821903824,14.33777141571045,1000
cifar10,Standard,Proposed-TopkPGD,0.4,True,10,0.001,0.9989450932303562,478.7579997558594,0.5324628908634186,0.8359089107513428,0.03137257695198059,0.9823264002799987,36.40946453857422,0.0008361387490294874,14.33777141571045,1000
cifar10,Standard,Proposed-TopkPGD,0.5,True,1,0.5099999978542328,0.462025300265616,510.88300048828125,0.5010908198356628,0.3065055692195892,0.0078431663736701,0.9970150837898254,45.14493243408203,8.376872213557363e-05,14.293021202087402,1000
cifar10,Standard,Proposed-TopkPGD,0.5,True,3,0.07299999994039535,0.9229957574530493,567.6750053710938,0.4456298775672913,0.5844361686706543,0.023529436871409418,0.9907833905220031,39.52092358398438,0.00034328048396855594,14.293021202087402,1000
cifar10,Standard,Proposed-TopkPGD,0.5,True,5,0.015999999880790712,0.9831223196746931,605.2930034179687,0.4088935513496399,0.7629215755462646,0.03137257695198059,0.9852449116706848,37.19805081176758,0.0006169160264544189,14.293021202087402,1000
cifar10,Standard,Proposed-TopkPGD,0.5,True,7,0.002,0.997890246065357,615.383994140625,0.3990390682220459,0.85557231092453,0.03137257695198059,0.9818724842071533,36.20415383911133,0.0008098278720863163,14.293021202087402,1000
cifar10,Standard,Proposed-TopkPGD,0.5,True,10,0.0,0.9999999403953552,587.9919936523437,0.42578906869888306,0.9264434862136841,0.03137257695198059,0.9790631079673767,35.51899755859375,0.0009994087293744088,14.293021202087402,1000
cifar10,Standard,Proposed-TopkPGD,0.6,True,1,0.4949999980926514,0.4778480794799479,612.5879965820312,0.40176953458786013,0.3355978925228119,0.007843166589736938,0.996551209449768,44.35726434326172,9.805688285268843e-05,14.284184217453003,1000
cifar10,Standard,Proposed-TopkPGD,0.6,True,3,0.058000000059604644,0.9388185355356474,668.3819970703125,0.34728320598602297,0.6440591869354249,0.023529439732432364,0.9892002949714661,38.67916998291015,0.00040886153443716466,14.284184217453003,1000
cifar10,Standard,Proposed-TopkPGD,0.6,True,5,0.00799999999254942,0.9915611332730402,707.2000009765625,0.3093749990463257,0.8351138563156127,0.03137257695198059,0.9829166059494019,36.41525225830078,0.0007190196425653994,14.284184217453003,1000
cifar10,Standard,Proposed-TopkPGD,0.6,True,7,0.0,0.9999999403953552,719.3010024414062,0.2975576148033142,0.9298100481033326,0.03137257695198059,0.9792915978431702,35.48398336791992,0.0009327685316093266,14.284184217453003,1000
cifar10,Standard,Proposed-TopkPGD,0.6,True,10,0.0,0.9999999403953552,687.8230014648437,0.32829785013198853,1.0025611534118652,0.03137257695198059,0.9762986760139465,34.8353139038086,0.001138236103579402,14.284184217453003,1000
cifar10,Standard,Proposed-TopkPGD,0.7,True,1,0.47300000190734864,0.5010548281141475,714.250005859375,0.3024902286529541,0.3623322575092316,0.007843166589736938,0.9961184101104736,43.691443908691404,0.00011145585798658431,14.265872955322266,1000
cifar10,Standard,Proposed-TopkPGD,0.7,True,3,0.04499999985098839,0.9525316053930717,760.4999995117188,0.2573242192268372,0.6988377833366394,0.023529439732432364,0.9877283372879029,37.97074169921875,0.0004701414159499109,14.265872955322266,1000
cifar10,Standard,Proposed-TopkPGD,0.7,True,5,0.005999999992549419,0.993670847345505,798.5260048828125,0.22018944835662843,0.8999268817901611,0.03137257695198059,0.9808650398254395,35.7685654296875,0.0008183847893960774,14.265872955322266,1000
cifar10,Standard,Proposed-TopkPGD,0.7,True,7,0.0,0.9999999403953552,813.9340048828125,0.20514257335662842,0.995754545211792,0.03137257695198059,0.97705735206604,34.891380798339846,0.0010494221402332186,14.265872955322266,1000
cifar10,Standard,Proposed-TopkPGD,0.7,True,10,0.0,0.9999999403953552,784.6560043945312,0.2337343707084656,1.068888861656189,0.03137257695198059,0.973870861530304,34.28046890258789,0.0012571901278570295,14.265872955322266,1000
cifar10,Standard,Proposed-TopkPGD,0.8,True,1,0.46399999618530274,0.5105485010121945,816.8920043945312,0.20225390195846557,0.38743419790267947,0.007843166589736938,0.9957198677062988,43.10953634643555,0.00012428019335493446,14.20244288444519,1000
cifar10,Standard,Proposed-TopkPGD,0.8,True,3,0.03999999964237213,0.9578058656760912,848.2179956054688,0.17166211366653442,0.750666775226593,0.023529439732432364,0.9863691883087158,37.349657318115234,0.0005234454167075455,14.20244288444519,1000
cifar10,Standard,Proposed-TopkPGD,0.8,True,5,0.004999999992549419,0.9947256945105042,877.115998046875,0.14344140815734863,0.9563981900215149,0.03137257695198059,0.9791232705116272,35.24148001098633,0.0008981356574222446,14.20244288444519,1000
cifar10,Standard,Proposed-TopkPGD,0.8,True,7,0.0,0.9999999403953552,896.4069970703125,0.12460254192352295,1.0515977678298951,0.03137257695198059,0.9752043857574463,34.41933020019531,0.001133784362114966,14.20244288444519,1000
cifar10,Standard,Proposed-TopkPGD,0.8,True,10,0.0,0.9999999403953552,871.6700043945312,0.14875976133346558,1.1259790115356445,0.03137257695198059,0.9718589434623718,33.83003091430664,0.0013540660375729204,14.20244288444519,1000
cifar10,Standard,Proposed-TopkPGD,0.9,True,1,0.4539999997615814,0.5210970200692551,918.412998046875,0.10311230659484863,0.4107175409793854,0.007843166589736938,0.9953730630874634,42.602481658935545,0.00013594037375878543,14.168146133422852,1000
cifar10,Standard,Proposed-TopkPGD,0.9,True,3,0.036999999865889546,0.960970413961491,946.20500390625,0.07597167587280274,0.8004813561439514,0.023529439732432364,0.9850506200790405,36.79281689453125,0.0005751637602224946,14.168146133422852,1000
cifar10,Standard,Proposed-TopkPGD,0.9,True,5,0.002,0.997890242167163,943.14500390625,0.07895995712280274,1.0054720363616942,0.03137257695198059,0.9776880321502686,34.81004983520508,0.0009471536367200315,14.168146133422852,1000
cifar10,Standard,Proposed-TopkPGD,0.9,True,7,0.0,0.9999999403953552,958.4319965820313,0.06403125333786011,1.0966760005950928,0.03137257695198059,0.9738736305236816,34.05716766357422,0.0011963040502741933,14.168146133422852,1000
cifar10,Standard,Proposed-TopkPGD,0.9,True,10,0.0,0.9999999403953552,954.0250034179687,0.0683349575996399,1.1728407220840453,0.03137257695198059,0.9703532934188843,33.47719165039062,0.0014248781474307179,14.168146133422852,1000
cifar10,Standard,Proposed-TopkPGD,1.0,True,1,0.44899999976158145,0.5263712810438896,1020.8990029296875,0.0030283174514770506,0.4328507306575775,0.007843166589736938,0.9950922431945801,42.1463857421875,0.00014421571767888962,14.020339250564575,1000
cifar10,Standard,Proposed-TopkPGD,1.0,True,3,0.030000000089406967,0.9683544030295143,1021.7009965820313,0.0022451205253601076,0.8442892007827759,0.023529439732432364,0.9841003851890564,36.33033911132812,0.0006127167833037675,14.020339250564575,1000
cifar10,Standard,Proposed-TopkPGD,1.0,True,5,0.001,0.9989450932303562,1022.0650009765625,0.0018896474838256837,1.0395949716567994,0.03137257695198059,0.9768488011360168,34.521990295410156,0.0009916070457547904,14.020339250564575,1000
cifar10,Standard,Proposed-TopkPGD,1.0,True,7,0.0,0.9999999403953552,1022.2719951171875,0.0016875047683715821,1.125810341835022,0.03137257695198059,0.9730476369857788,33.83192739868164,0.0012297400562092662,14.020339250564575,1000
cifar10,Standard,Proposed-TopkPGD,1.0,True,10,0.0,0.9999999403953552,997.3440048828126,0.02603124523162842,1.2091357278823853,0.03137257695198059,0.9691956272125244,33.213911468505856,0.001478775835596025,14.020339250564575,1000
cifar10,Robust,Clean,0.0,False,0,0.8419999980926514,0.0,0.0,1.0,0.0,0.0,1.0,inf,0.0,0.0,1000
cifar10,Robust,FGSM,0.0,False,1,0.5380000028610229,0.3610451296502791,1022.1329936523438,0.0018232483863830566,1.728133662223816,0.03137257695198059,0.9580405402183533,30.121131042480467,0.007639336127787828,0.15607380867004395,1000
cifar10,Robust,PGD,0.0,False,1,0.7839999928474426,0.06888361065482583,1023.4929951171875,0.000495121955871582,1.0455615224838257,0.03137257695198059,0.9751598839759826,34.48507186889648,0.0011635901490226388,1.888291835784912,1000
cifar10,Robust,PGD,0.0,False,3,0.6510000042915344,0.2268408562041235,1022.835001953125,0.0011376934051513673,1.2487141275405884,0.03137257695198059,0.971504551410675,32.942738647460935,0.00328382496163249,1.888291835784912,1000
cifar10,Robust,PGD,0.0,False,5,0.5460000004768372,0.3515439325160482,1022.223994140625,0.0017343807220458985,1.4531278400421141,0.03137257695198059,0.967536796092987,31.625949096679687,0.005550821747630835,1.888291835784912,1000
cifar10,Robust,PGD,0.0,False,7,0.4919999928474426,0.4156769564344311,1022.104001953125,0.0018515605926513671,1.5838188428878783,0.03137257695198059,0.9644547472000122,30.877683456420897,0.007017395220696926,1.888291835784912,1000
cifar10,Robust,PGD,0.0,False,10,0.4749999952316284,0.43586697813450864,1021.9499926757812,0.002001960277557373,1.6332817869186402,0.03137257695198059,0.9628826122283936,30.61072737121582,0.007531003151088953,1.888291835784912,1000
cifar10,Robust,SparseFool,0.0,False,20,0.6460000042915344,0.23277909901532878,8.929000076293946,0.9912802733629942,1.3826593389511108,0.5761568393707276,0.9831986236572265,30.721372009277342,0.00513251518458128,162.96836829185486,1000
cifar10,Robust,Sparse-PGD,0.1,False,10,0.5630000028610229,0.33135391396609737,849.3149985351563,0.17059082174301146,1.3043300123214723,0.03137257695198059,0.9752007732391358,32.33323471069336,0.004993988581001758,2.2009642124176025,1000
cifar10,Robust,GreedyFool,0.1,False,10,0.6959999980926513,0.17458431934163576,153.74399926757812,0.8498593757152557,0.5842287321090698,0.03137257695198059,0.9953256559371948,39.54070474243164,0.0012397600589320063,1.8668549060821533,1000
cifar10,Robust,Sparse-PGD,0.2,False,10,0.5499999971389771,0.3467933435762863,921.8520014648437,0.09975390481948852,1.3758549308776855,0.03137257695198059,0.9720155577659607,32.06316809082031,0.0050740687027573585,2.0655198097229004,1000
cifar10,Robust,GreedyFool,0.2,False,10,0.6169999952316284,0.26722089638336255,298.38000170898437,0.7086132795810699,0.820177529335022,0.03137257695198059,0.9907783689498901,36.59450091552734,0.0024273409452289342,1.8790245056152344,1000
cifar10,Robust,Sparse-PGD,0.3,False,10,0.5689999980926513,0.3242280233005447,930.7049990234375,0.09110839939117432,1.3702377586364747,0.03137257695198059,0.971175591468811,32.12622006225586,0.0047983408421278,2.0664641857147217,1000
cifar10,Robust,GreedyFool,0.3,False,10,0.5629999980926513,0.33135390918781527,432.7569963378906,0.5773857457637787,0.9972230129241944,0.03137257695198059,0.9863688631057739,34.896932037353515,0.0035037819240242244,1.8855457305908203,1000
cifar10,Robust,Sparse-PGD,0.4,False,10,0.5840000047683716,0.3064133059808591,926.84900390625,0.09487401962280273,1.3466081771850587,0.03137257695198059,0.9711877479553223,32.28305596923828,0.004483916670084,2.080768346786499,1000
cifar10,Robust,GreedyFool,0.4,False,10,0.5309999995231628,0.36935866813478446,554.1229970703125,0.45886426067352293,1.1394270248413085,0.03137257695198059,0.9822084183692932,33.7390940246582,0.004424537762999534,1.891049861907959,1000
cifar10,Robust,Sparse-PGD,0.5,False,10,0.6000000023841858,0.2874109262596117,920.1209936523437,0.10144434213638305,1.3216951475143432,0.03137257695198059,0.9712277321815491,32.44731344604492,0.0041039052456617355,2.095442771911621,1000
cifar10,Robust,GreedyFool,0.5,False,10,0.5089999985694885,0.3954869291773884,665.5989965820313,0.3500009799003601,1.2614537315368652,0.03137257695198059,0.9781865377426148,32.85534078979492,0.005225011486560106,1.8989081382751465,1000
cifar10,Robust,Sparse-PGD,0.6,False,10,0.5169999961853027,0.3859857507669444,980.8019995117188,0.04218554735183716,1.4824312496185303,0.03137257695198059,0.9676247138977051,31.43392170715332,0.00597734259814024,2.1014809608459473,1000
cifar10,Robust,GreedyFool,0.6,False,10,0.4890000009536743,0.4192399024043117,764.93699609375,0.25299121475219727,1.3660866432189942,0.03137257695198059,0.974400360584259,32.16315341186523,0.005917566761374474,1.9006531238555908,1000
cifar10,Robust,Sparse-PGD,0.7,False,10,0.5119999961853028,0.3919239845171111,981.828001953125,0.041183591842651364,1.4859448881149293,0.03137257695198059,0.9679399800300598,31.43197268676758,0.006137535080313682,2.126359224319458,1000
cifar10,Robust,GreedyFool,0.7,False,10,0.4799999952316284,0.42992873383672675,852.7680034179688,0.1672187466621399,1.4574962635040283,0.03137257695198059,0.9709016523361206,31.60047427368164,0.006505183096975088,1.9154303073883057,1000
cifar10,Robust,Sparse-PGD,0.8,False,10,0.4829999952316284,0.4263657894242121,1004.2519965820312,0.019285159587860107,1.5745199174880982,0.03137257695198059,0.9654800934791565,30.928616638183595,0.007123489178717137,2.11696720123291,1000
cifar10,Robust,GreedyFool,0.8,False,10,0.4769999952316284,0.43349167623174445,929.6919985351562,0.09209765768051148,1.5379347267150878,0.03137257695198059,0.9677927021980286,31.133688079833984,0.0070253142230212685,1.9211852550506592,1000
cifar10,Robust,Sparse-PGD,0.9,False,10,0.47600000333786013,0.43467933042173995,1019.0889965820312,0.004795901775360108,1.6201210708618163,0.03137257695198059,0.9635017318725586,30.681597381591796,0.007487847007811069,2.1364331245422363,1000
cifar10,Robust,GreedyFool,0.9,False,10,0.47099999761581424,0.4406175747549166,989.980005859375,0.0332226505279541,1.6057057695388794,0.03137257695198059,0.9652008829116822,30.75893716430664,0.007447771612554789,1.938488483428955,1000
cifar10,Robust,Sparse-PGD,1.0,False,10,0.4769999952316284,0.4334916755592455,1021.9740034179688,0.0019785122871398926,1.633137357711792,0.03137257695198059,0.9628867230415344,30.611497467041016,0.0075896413400769235,1.905683994293213,1000
cifar10,Robust,GreedyFool,1.0,False,10,0.47200000333786013,0.4394299273960947,1021.8359931640625,0.002113287925720215,1.6513268728256225,0.03137257695198059,0.9632818760871887,30.51526089477539,0.007725673180073499,1.9406788349151611,1000
cifar10,Robust,Proposed-TopkPGD,0.1,True,1,0.8169999995231628,0.029691210992174165,101.999,0.9003916015625,0.13718617856502532,0.00784316286444664,0.9997279114723205,52.12800738525391,6.49634829023853e-05,2.0014376640319824,1000
cifar10,Robust,Proposed-TopkPGD,0.1,True,3,0.7589999976158142,0.09857482076434511,110.17999969482422,0.8924023440480232,0.3821231415271759,0.023529436871409418,0.9979905014038086,43.22827249145508,0.0005202421513386071,2.0014376640319824,1000
cifar10,Robust,Proposed-TopkPGD,0.1,True,5,0.7269999966621399,0.13657957352609362,105.0579994506836,0.8974042974114418,0.5125904431343079,0.03137257695198059,0.9964377422332764,40.67680661010742,0.0009225708208978177,2.0014376640319824,1000
cifar10,Robust,Proposed-TopkPGD,0.1,True,7,0.7269999966621399,0.13657957352609362,104.614,0.897837890625,0.5222936820983887,0.03137257695198059,0.9962852239608765,40.514329711914066,0.0009508515875786543,2.0014376640319824,1000
cifar10,Robust,Proposed-TopkPGD,0.1,True,10,0.7269999966621399,0.13657957352609362,104.44399963378906,0.8980039066076279,0.5252488384246826,0.03137257695198059,0.9962264204025268,40.46552670288086,0.0009565854864194989,2.0014376640319824,1000
cifar10,Robust,Proposed-TopkPGD,0.2,True,1,0.8070000019073487,0.041567695435499354,203.9919998779297,0.8007890626192092,0.19400141417980193,0.007843165181577206,0.9994468383789062,49.11811389160156,0.00013171642902307212,2.0227932929992676,1000
cifar10,Robust,Proposed-TopkPGD,0.2,True,3,0.7140000047683716,0.1520190029239145,220.9339991455078,0.784244141459465,0.5391400856971741,0.023529439732432364,0.9959780330657959,40.23866033935547,0.001042843719944358,2.0227932929992676,1000
cifar10,Robust,Proposed-TopkPGD,0.2,True,5,0.6520000019073486,0.22565320282820567,211.1379990234375,0.7938105478286743,0.7227056670188904,0.03137257695198059,0.9928935785293579,37.693314270019535,0.0018482793159782887,2.0227932929992676,1000
cifar10,Robust,Proposed-TopkPGD,0.2,True,7,0.6510000019073486,0.2268408534433383,210.45999987792968,0.7944726563692093,0.7380474171638489,0.03137257695198059,0.9925450253486633,37.51133102416992,0.0019042281750589608,2.0227932929992676,1000
cifar10,Robust,Proposed-TopkPGD,0.2,True,10,0.6500000019073486,0.22802850097913357,210.10900122070314,0.7948154284954071,0.7440306458473206,0.03137257695198059,0.9923810591697693,37.44142077636719,0.0019226873004809023,2.0227932929992676,1000
cifar10,Robust,Proposed-TopkPGD,0.3,True,1,0.8029999961853027,0.04631828837486033,306.973998046875,0.7002207050323487,0.2379700082540512,0.007843166589736938,0.9991519961357117,47.343761016845704,0.0001954976939596236,1.9974524974822998,1000
cifar10,Robust,Proposed-TopkPGD,0.3,True,3,0.677000006198883,0.19596199484236734,330.95700170898436,0.6767998030185699,0.6604561285972596,0.023529439732432364,0.993918258190155,38.475857055664065,0.001564759367145598,1.9974524974822998,1000
cifar10,Robust,Proposed-TopkPGD,0.3,True,5,0.6099999952316284,0.27553443904444047,317.9639987792969,0.6894882824420929,0.8835038895606995,0.03137257695198059,0.989339460849762,35.94837335205078,0.002753210911527276,1.9974524974822998,1000
cifar10,Robust,Proposed-TopkPGD,0.3,True,7,0.6069999952316284,0.27909738880155205,316.64599829101564,0.69077539229393,0.9031385760307312,0.03137257695198059,0.9887832651138305,35.75797357177734,0.002835449207574129,1.9974524974822998,1000
cifar10,Robust,Proposed-TopkPGD,0.3,True,10,0.6029999976158142,0.28384798213025453,315.891998046875,0.6915117206573487,0.9127810101509094,0.03137257695198059,0.9884537525177002,35.66597207641602,0.0028649719916284083,1.9974524974822998,1000
cifar10,Robust,Proposed-TopkPGD,0.4,True,1,0.7979999961853027,0.052256531243581955,408.9340031738281,0.6006503875255584,0.2746339063644409,0.007843166589736938,0.9988563694953918,46.09909994506836,0.000254620372550562,1.9766364097595215,1000
cifar10,Robust,Proposed-TopkPGD,0.4,True,3,0.657999993801117,0.21852731407396583,438.7559978027344,0.5715273458957673,0.7616592273712158,0.023529439732432364,0.9918691210746765,37.23760034179688,0.0020289822798222304,1.9766364097595215,1000
cifar10,Robust,Proposed-TopkPGD,0.4,True,5,0.5690000014305114,0.32422802868053635,423.4240029296875,0.586499997138977,1.017259346961975,0.03137257695198059,0.9858359532356262,34.724029174804684,0.003567865315824747,1.9766364097595215,1000
cifar10,Robust,Proposed-TopkPGD,0.4,True,7,0.5659999957084656,0.3277909700137136,420.96399755859375,0.5889023461341858,1.0407128095626832,0.03137257695198059,0.9850528898239136,34.52659423828125,0.003681854682043195,1.9766364097595215,1000
cifar10,Robust,Proposed-TopkPGD,0.4,True,10,0.5640000038146973,0.3301662686601671,419.61999951171873,0.5902148442268371,1.053808466911316,0.03137257695198059,0.9845418887138366,34.41826211547851,0.003736093593761325,1.9766364097595215,1000
cifar10,Robust,Proposed-TopkPGD,0.5,True,1,0.7930000042915344,0.05819477464764815,511.8389987792969,0.5001572277545929,0.30721071577072145,0.007843166589736938,0.9985485997200012,45.125424621582034,0.00030920000397600234,1.9510297775268555,1000
cifar10,Robust,Proposed-TopkPGD,0.5,True,3,0.6389999961853028,0.24109263176589568,544.8619965820312,0.46790820646286013,0.8523770174980163,0.023529439732432364,0.9897568049430847,36.26021548461914,0.0024630285408347844,1.9510297775268555,1000
cifar10,Robust,Proposed-TopkPGD,0.5,True,5,0.5420000028610229,0.3562945326759243,528.3000053710938,0.4840820260047913,1.13524596118927,0.03137257695198059,0.9823195223808289,33.77083905029297,0.00430794845148921,1.9510297775268555,1000
cifar10,Robust,Proposed-TopkPGD,0.5,True,7,0.5380000052452087,0.3610451246596289,524.7080004882813,0.48758984327316285,1.1614428682327271,0.03137257695198059,0.9813101873397827,33.57323648071289,0.00444612080603838,1.9510297775268555,1000
cifar10,Robust,Proposed-TopkPGD,0.5,True,10,0.5309999995231628,0.36935867057701754,522.92600390625,0.48933007431030273,1.1781649990081786,0.03137257695198059,0.98057173204422,33.44935754394531,0.004510417487472296,1.9510297775268555,1000
cifar10,Robust,Proposed-TopkPGD,0.6,True,1,0.7890000042915344,0.06294536898509907,613.6439985351562,0.4007382826805115,0.33630359172821045,0.007843166589736938,0.9982294530868531,44.33945581054687,0.0003590939885471016,1.946084976196289,1000
cifar10,Robust,Proposed-TopkPGD,0.6,True,3,0.6190000009536744,0.26484560554143655,648.2769931640624,0.3669169988632202,0.9334294886589051,0.023529439732432364,0.987636752128601,35.471267547607425,0.002874004427343607,1.946084976196289,1000
cifar10,Robust,Proposed-TopkPGD,0.6,True,5,0.5310000052452087,0.36935867535529965,630.853994140625,0.3839316463470459,1.2397100772857665,0.03137257695198059,0.9788999638557434,33.00622705078125,0.005007039204239845,1.946084976196289,1000
cifar10,Robust,Proposed-TopkPGD,0.6,True,7,0.5169999985694885,0.38598574535155805,626.65800390625,0.38802929306030276,1.2684175815582275,0.03137257695198059,0.9776750226020813,32.807843688964844,0.005185193486511707,1.946084976196289,1000
cifar10,Robust,Proposed-TopkPGD,0.6,True,10,0.5139999985694885,0.3895486939052505,623.9370009765624,0.3906865224838257,1.2891672534942626,0.03137257695198059,0.9766765446662903,32.66721371459961,0.005292241707444191,1.946084976196289,1000
cifar10,Robust,Proposed-TopkPGD,0.7,True,1,0.7880000042915344,0.06413301728188,715.328005859375,0.3014374942779541,0.36300834560394285,0.007843166589736938,0.9978965420722962,43.67564300537109,0.0004050650573335588,1.9339888095855713,1000
cifar10,Robust,Proposed-TopkPGD,0.7,True,3,0.6120000033378601,0.2731591435835084,747.7590009765624,0.2697666006088257,1.0083237562179566,0.023529439732432364,0.9855107579231263,34.800813415527344,0.0032362115923315286,1.9339888095855713,1000
cifar10,Robust,Proposed-TopkPGD,0.7,True,5,0.5139999985694885,0.3895486877465758,732.746005859375,0.2844277286529541,1.3349043035507202,0.03137257695198059,0.9755885496139526,32.3634319152832,0.005623659815639257,1.9339888095855713,1000
cifar10,Robust,Proposed-TopkPGD,0.7,True,7,0.5029999928474427,0.40261281998451987,728.651994140625,0.2884257869720459,1.3660453205108642,0.03137257695198059,0.9741683421134949,32.16361871337891,0.005825154297053814,1.9339888095855713,1000
cifar10,Robust,Proposed-TopkPGD,0.7,True,10,0.4910000009536743,0.41686460379325296,725.182,0.291814453125,1.3917659120559693,0.03137257695198059,0.9728148221969605,32.00191104125977,0.00596407524868846,1.9339888095855713,1000
cifar10,Robust,Proposed-TopkPGD,0.8,True,1,0.7880000042915344,0.06413301728188,817.9799956054687,0.20119141054153442,0.38805447101593016,0.007843166589736938,0.9975630140304566,43.095964141845705,0.0004465920643415302,1.9219250679016113,1000
cifar10,Robust,Proposed-TopkPGD,0.8,True,3,0.6029999976158142,0.28384797335237333,845.326998046875,0.17448535346984864,1.079418441772461,0.023529439732432364,0.983428858757019,34.208853515625,0.0035907366797327993,1.9219250679016113,1000
cifar10,Robust,Proposed-TopkPGD,0.8,True,5,0.5059999985694885,0.3990498755366106,834.045001953125,0.18550292778015137,1.4238162326812744,0.03137257695198059,0.9725206894874573,31.80303642272949,0.006214194741100073,1.9219250679016113,1000
cifar10,Robust,Proposed-TopkPGD,0.8,True,7,0.4910000009536743,0.41686460379325296,831.0580029296875,0.18841991901397706,1.4570690383911133,0.03137257695198059,0.9709003686904907,31.603033782958985,0.006431084670126438,1.9219250679016113,1000
cifar10,Robust,Proposed-TopkPGD,0.8,True,10,0.4830000009536743,0.4263657918310505,826.6770029296875,0.19269823932647706,1.4875475120544435,0.03137257695198059,0.9692283873558044,31.42354652404785,0.00663436272367835,1.9219250679016113,1000
cifar10,Robust,Proposed-TopkPGD,0.9,True,1,0.7870000042915344,0.06532066557866094,919.5649946289062,0.10198730993270874,0.4112706289291382,0.007843166589736938,0.9972334303855896,42.59108697509765,0.00048215352674014865,1.912734031677246,1000
cifar10,Robust,Proposed-TopkPGD,0.9,True,3,0.6,0.2874109188090311,938.3139995117187,0.08367773485183716,1.145959836959839,0.023529439732432364,0.9814500699043274,33.689022552490236,0.003897805294021964,1.912734031677246,1000
cifar10,Robust,Proposed-TopkPGD,0.9,True,5,0.4979999928474426,0.40855106428230176,932.860998046875,0.08900293159484864,1.504685175895691,0.03137257695198059,0.9698053936958313,31.322778900146485,0.0067065184377133845,1.912734031677246,1000
cifar10,Robust,Proposed-TopkPGD,0.9,True,7,0.4849999952316284,0.4239904939278854,932.720001953125,0.08914062309265136,1.5397234106063842,0.03137257695198059,0.9680603880882264,31.123409606933595,0.006975127812474966,1.912734031677246,1000
cifar10,Robust,Proposed-TopkPGD,0.9,True,10,0.4769999952316284,0.43349168019594886,926.5829970703124,0.09513379192352295,1.5762466640472412,0.03137257695198059,0.9659953050613403,30.92012841796875,0.007234061073511839,1.912734031677246,1000
cifar10,Robust,Proposed-TopkPGD,1.0,True,1,0.7839999985694885,0.0688836098097778,1022.1329936523438,0.0018232483863830566,0.43333236503601075,0.007843166589736938,0.9968587546348572,42.13698291015625,0.0005117853104602546,1.8967127799987793,1000
cifar10,Robust,Proposed-TopkPGD,1.0,True,3,0.596,0.2921615124916804,1022.17600390625,0.0017812461853027343,1.2095329542160034,0.023529439732432364,0.9793938188552856,33.21959887695313,0.004172313421964645,1.8967127799987793,1000
cifar10,Robust,Proposed-TopkPGD,1.0,True,5,0.4959999928474426,0.410926357159422,1022.203998046875,0.0017539081573486328,1.5729502544403076,0.03137257695198059,0.9675211019515991,30.93662707519531,0.007114745009690523,1.8967127799987793,1000
cifar10,Robust,Proposed-TopkPGD,1.0,True,7,0.4829999952316284,0.4263657885747398,1022.09199609375,0.0018632850646972657,1.607031262397766,0.03137257695198059,0.9657769317626953,30.751028915405275,0.007392472755163908,1.8967127799987793,1000
cifar10,Robust,Proposed-TopkPGD,1.0,True,10,0.47200000333786013,0.4394299273960947,1021.8359931640625,0.002113287925720215,1.6513248624801635,0.03137257695198059,0.9632822856903076,30.51527197265625,0.007725816644728184,1.8967127799987793,1000
